timestamp,G1,G2,G3,G4,G5,G6,total,label
1970-01-01 00:00:00,0,1,1,0,1,0,3,MEDIUM
1970-01-01 00:00:01,1,0,0,0,0,0,1,LOW
1970-01-01 00:00:07,0,0,0,1,0,1,2,LOW
1970-01-01 00:00:09,0,0,1,0,1,0,2,LOW
1970-01-01 00:00:10,1,1,0,0,0,0,2,LOW
1970-01-01 00:00:18,0,0,0,1,0,0,1,LOW
1970-01-01 00:00:19,0,0,1,0,0,0,1,LOW
1970-01-01 00:00:20,1,0,0,0,0,0,1,LOW
1970-01-01 00:00:21,0,1,0,0,0,0,1,LOW
1970-01-01 00:00:27,0,0,0,1,0,0,1,LOW
1970-01-01 00:00:28,0,0,1,0,0,0,1,LOW
1970-01-01 00:00:30,0,0,0,0,1,1,2,LOW
1970-01-01 00:00:31,1,1,0,0,0,0,2,LOW
1970-01-01 00:00:38,0,0,1,0,0,0,1,LOW
1970-01-01 00:00:41,0,1,0,0,1,1,3,MEDIUM
1970-01-01 00:00:44,1,0,0,0,0,0,1,LOW
1970-01-01 00:00:49,0,0,1,0,0,0,1,LOW
1970-01-01 00:00:50,0,1,0,0,0,0,1,LOW
1970-01-01 00:00:54,1,0,0,0,0,0,1,LOW
1970-01-01 00:00:56,0,0,0,0,1,0,1,LOW
1970-01-01 00:01:00,0,0,1,0,0,1,2,LOW
1970-01-01 00:01:01,0,1,0,0,0,0,1,LOW
1970-01-01 00:01:02,0,0,0,1,0,0,1,LOW
1970-01-01 00:01:04,1,0,0,0,0,0,1,LOW
1970-01-01 00:01:08,0,0,0,0,1,0,1,LOW
1970-01-01 00:01:09,0,0,1,0,0,0,1,LOW
1970-01-01 00:01:11,0,1,0,0,0,0,1,LOW
1970-01-01 00:01:13,0,0,0,1,0,0,1,LOW
1970-01-01 00:01:14,1,0,0,0,0,0,1,LOW
1970-01-01 00:01:16,0,0,0,0,0,1,1,LOW
1970-01-01 00:01:19,0,0,1,0,0,0,1,LOW
1970-01-01 00:01:21,0,1,0,0,0,0,1,LOW
1970-01-01 00:01:22,0,0,0,1,0,0,1,LOW
1970-01-01 00:01:24,1,0,0,0,0,0,1,LOW
1970-01-01 00:01:25,0,0,0,0,1,0,1,LOW
1970-01-01 00:01:30,0,0,1,0,0,0,1,LOW
1970-01-01 00:01:32,0,1,0,0,0,0,1,LOW
1970-01-01 00:01:35,1,0,0,0,0,0,1,LOW
1970-01-01 00:01:36,0,0,0,1,0,0,1,LOW
1970-01-01 00:01:37,0,0,0,0,1,0,1,LOW
1970-01-01 00:01:39,0,0,1,0,0,0,1,LOW
1970-01-01 00:01:41,0,1,0,0,0,0,1,LOW
1970-01-01 00:01:44,1,0,0,0,0,1,2,LOW
1970-01-01 00:01:47,0,0,0,1,1,0,2,LOW
1970-01-01 00:01:50,0,0,1,0,0,0,1,LOW
1970-01-01 00:01:52,0,1,0,0,0,0,1,LOW
1970-01-01 00:01:54,0,0,0,0,0,1,1,LOW
1970-01-01 00:01:55,1,0,0,0,0,0,1,LOW
1970-01-01 00:01:56,0,0,0,0,1,0,1,LOW
1970-01-01 00:01:59,0,0,1,0,0,0,1,LOW
1970-01-01 00:02:00,0,0,0,1,0,0,1,LOW
1970-01-01 00:02:02,0,1,0,0,0,0,1,LOW
1970-01-01 00:02:04,1,0,0,0,0,0,1,LOW
1970-01-01 00:02:06,0,0,0,0,1,0,1,LOW
1970-01-01 00:02:07,0,0,0,0,0,1,1,LOW
1970-01-01 00:02:09,0,0,1,0,0,0,1,LOW
1970-01-01 00:02:12,0,1,0,0,0,0,1,LOW
1970-01-01 00:02:14,1,0,0,0,0,0,1,LOW
1970-01-01 00:02:19,0,0,1,0,0,1,2,LOW
1970-01-01 00:02:20,0,0,0,1,0,0,1,LOW
1970-01-01 00:02:21,0,1,0,0,0,0,1,LOW
1970-01-01 00:02:22,0,0,0,0,1,0,1,LOW
1970-01-01 00:02:27,1,0,0,0,0,0,1,LOW
1970-01-01 00:02:28,0,0,1,0,0,0,1,LOW
1970-01-01 00:02:31,0,1,0,0,0,1,2,LOW
1970-01-01 00:02:32,0,0,0,0,1,0,1,LOW
1970-01-01 00:02:33,0,0,0,1,0,0,1,LOW
1970-01-01 00:02:37,1,0,0,0,0,0,1,LOW
1970-01-01 00:02:38,0,0,1,0,0,0,1,LOW
1970-01-01 00:02:45,0,1,0,0,0,1,2,LOW
1970-01-01 00:02:46,1,0,0,0,0,0,1,LOW
1970-01-01 00:02:48,0,0,1,0,0,0,1,LOW
1970-01-01 00:02:55,1,1,0,1,0,0,3,MEDIUM
1970-01-01 00:02:56,0,0,0,0,0,1,1,LOW
1970-01-01 00:02:57,0,0,0,0,1,0,1,LOW
1970-01-01 00:02:58,0,0,1,0,0,0,1,LOW
1970-01-01 00:03:06,1,1,0,0,0,0,2,LOW
1970-01-01 00:03:07,0,0,1,0,0,0,1,LOW
1970-01-01 00:03:09,0,0,0,1,0,1,2,LOW
1970-01-01 00:03:15,0,1,0,0,0,0,1,LOW
1970-01-01 00:03:16,1,0,0,0,1,0,2,LOW
1970-01-01 00:03:18,0,0,1,0,0,0,1,LOW
1970-01-01 00:03:24,0,1,0,0,0,0,1,LOW
1970-01-01 00:03:26,1,0,0,0,0,0,1,LOW
1970-01-01 00:03:28,0,0,1,1,0,0,2,LOW
1970-01-01 00:03:33,0,1,0,0,0,1,2,LOW
1970-01-01 00:03:35,1,0,0,0,0,0,1,LOW
1970-01-01 00:03:37,0,0,1,0,0,0,1,LOW
1970-01-01 00:03:39,0,0,0,0,1,0,1,LOW
1970-01-01 00:03:44,0,1,0,1,0,0,2,LOW
1970-01-01 00:03:46,1,0,0,0,0,0,1,LOW
1970-01-01 00:03:49,0,0,1,0,0,0,1,LOW
1970-01-01 00:03:53,0,0,0,0,0,1,1,LOW
1970-01-01 00:03:55,1,0,0,0,0,0,1,LOW
1970-01-01 00:03:56,0,1,0,1,0,0,2,LOW
1970-01-01 00:03:59,0,0,1,0,0,0,1,LOW
1970-01-01 00:04:00,0,0,0,0,1,0,1,LOW
1970-01-01 00:04:05,1,0,0,0,0,0,1,LOW
1970-01-01 00:04:06,0,1,0,1,0,1,3,MEDIUM
1970-01-01 00:04:08,0,0,1,0,0,0,1,LOW
1970-01-01 00:04:14,1,0,0,0,1,0,2,LOW
1970-01-01 00:04:15,0,1,0,0,0,0,1,LOW
1970-01-01 00:04:16,0,0,0,0,0,1,1,LOW
1970-01-01 00:04:17,0,0,1,1,0,0,2,LOW
1970-01-01 00:04:25,1,0,0,0,0,0,1,LOW
1970-01-01 00:04:26,0,1,0,0,0,0,1,LOW
1970-01-01 00:04:28,0,0,1,0,0,1,2,LOW
1970-01-01 00:04:29,0,0,0,0,1,0,1,LOW
1970-01-01 00:04:34,1,0,0,0,0,0,1,LOW
1970-01-01 00:04:36,0,1,0,0,0,0,1,LOW
1970-01-01 00:04:37,0,0,1,1,0,0,2,LOW
1970-01-01 00:04:39,0,0,0,0,1,0,1,LOW
1970-01-01 00:04:41,0,0,0,0,0,1,1,LOW
1970-01-01 00:04:44,1,0,0,0,0,0,1,LOW
1970-01-01 00:04:45,0,1,0,0,0,0,1,LOW
1970-01-01 00:04:46,0,0,1,0,0,0,1,LOW
1970-01-01 00:04:53,1,0,0,0,0,1,2,LOW
1970-01-01 00:04:54,0,1,0,0,0,0,1,LOW
1970-01-01 00:04:57,0,0,1,0,0,0,1,LOW
1970-01-01 00:05:03,0,0,0,1,0,0,1,LOW
1970-01-01 00:05:04,1,0,0,0,0,0,1,LOW
1970-01-01 00:05:05,0,1,0,0,0,0,1,LOW
1970-01-01 00:05:07,0,0,1,0,0,0,1,LOW
1970-01-01 00:05:08,0,0,0,0,1,0,1,LOW
1970-01-01 00:05:09,0,0,0,0,0,1,1,LOW
1970-01-01 00:05:14,1,1,0,0,0,0,2,LOW
1970-01-01 00:05:16,0,0,1,0,0,0,1,LOW
1970-01-01 00:05:19,0,0,0,0,0,1,1,LOW
1970-01-01 00:05:23,1,0,0,0,0,0,1,LOW
1970-01-01 00:05:25,0,0,0,1,0,0,1,LOW
1970-01-01 00:05:26,0,1,0,0,0,0,1,LOW
1970-01-01 00:05:28,0,0,1,0,0,0,1,LOW
1970-01-01 00:05:30,0,0,0,0,1,0,1,LOW
1970-01-01 00:05:33,1,0,0,0,0,0,1,LOW
1970-01-01 00:05:34,0,0,0,1,0,0,1,LOW
1970-01-01 00:05:36,0,1,0,0,0,0,1,LOW
1970-01-01 00:05:38,0,0,1,0,0,0,1,LOW
1970-01-01 00:05:41,0,0,0,0,1,0,1,LOW
1970-01-01 00:05:43,1,0,0,0,0,0,1,LOW
1970-01-01 00:05:44,0,0,0,1,0,0,1,LOW
1970-01-01 00:05:47,0,0,1,0,0,0,1,LOW
1970-01-01 00:05:49,0,0,0,0,0,1,1,LOW
1970-01-01 00:05:50,0,0,0,0,1,0,1,LOW
1970-01-01 00:05:51,0,1,0,0,0,0,1,LOW
1970-01-01 00:05:57,1,0,1,0,0,0,2,LOW
1970-01-01 00:06:00,0,0,0,1,0,1,2,LOW
1970-01-01 00:06:01,0,1,0,0,0,0,1,LOW
1970-01-01 00:06:06,0,0,1,0,0,0,1,LOW
1970-01-01 00:06:08,1,0,0,0,1,0,2,LOW
1970-01-01 00:06:10,0,1,0,0,0,1,2,LOW
1970-01-01 00:06:12,0,0,0,1,0,0,1,LOW
1970-01-01 00:06:16,0,0,1,0,0,0,1,LOW
1970-01-01 00:06:19,1,0,0,0,0,0,1,LOW
1970-01-01 00:06:21,0,0,0,0,0,1,1,LOW
1970-01-01 00:06:22,0,1,0,0,0,0,1,LOW
1970-01-01 00:06:23,0,0,0,0,1,0,1,LOW
1970-01-01 00:06:26,0,0,1,0,0,0,1,LOW
1970-01-01 00:06:30,1,0,0,0,0,0,1,LOW
1970-01-01 00:06:32,0,1,0,1,0,0,2,LOW
1970-01-01 00:06:35,0,0,0,0,0,1,1,LOW
1970-01-01 00:06:36,0,0,1,0,1,0,2,LOW
1970-01-01 00:06:40,1,0,0,0,0,0,1,LOW
1970-01-01 00:06:41,0,0,0,1,0,0,1,LOW
1970-01-01 00:06:42,0,1,0,0,0,0,1,LOW
1970-01-01 00:06:45,0,0,1,0,0,0,1,LOW
1970-01-01 00:06:49,1,0,0,0,1,0,2,LOW
1970-01-01 00:06:52,0,1,0,0,0,0,1,LOW
1970-01-01 00:06:53,0,0,0,0,0,1,1,LOW
1970-01-01 00:06:54,0,0,0,1,0,0,1,LOW
1970-01-01 00:06:56,0,0,1,0,0,0,1,LOW
1970-01-01 00:07:01,1,1,0,0,1,0,3,MEDIUM
1970-01-01 00:07:02,0,0,0,0,0,1,1,LOW
1970-01-01 00:07:05,0,0,0,1,0,0,1,LOW
1970-01-01 00:07:06,0,0,1,0,0,0,1,LOW
1970-01-01 00:07:11,1,1,0,0,0,1,3,MEDIUM
1970-01-01 00:07:15,0,0,1,1,1,0,3,MEDIUM
1970-01-01 00:07:20,0,1,0,0,0,0,1,LOW
1970-01-01 00:07:21,1,0,0,0,0,0,1,LOW
1970-01-01 00:07:23,0,0,0,0,0,1,1,LOW
1970-01-01 00:07:24,0,0,1,0,0,0,1,LOW
1970-01-01 00:07:26,0,0,0,1,0,0,1,LOW
1970-01-01 00:07:30,1,1,0,0,0,0,2,LOW
1970-01-01 00:07:31,0,0,0,0,1,0,1,LOW
1970-01-01 00:07:34,0,0,1,0,0,0,1,LOW
1970-01-01 00:07:37,0,0,0,0,0,1,1,LOW
1970-01-01 00:07:39,1,0,0,0,0,0,1,LOW
1970-01-01 00:07:41,0,1,0,0,0,0,1,LOW
1970-01-01 00:07:42,0,0,0,0,1,0,1,LOW
1970-01-01 00:07:47,0,0,0,0,0,1,1,LOW
1970-01-01 00:07:48,1,0,0,0,0,0,1,LOW
1970-01-01 00:07:50,0,0,1,0,0,0,1,LOW
1970-01-01 00:07:51,0,1,0,1,0,0,2,LOW
1970-01-01 00:07:54,0,0,0,0,1,0,1,LOW
1970-01-01 00:08:00,1,1,1,0,0,0,3,MEDIUM
1970-01-01 00:08:02,0,0,0,0,0,1,1,LOW
1970-01-01 00:08:03,0,0,0,1,0,0,1,LOW
1970-01-01 00:08:11,1,0,0,0,0,0,1,LOW
1970-01-01 00:08:12,0,1,0,0,1,0,2,LOW
1970-01-01 00:08:13,0,0,1,0,0,0,1,LOW
1970-01-01 00:08:14,0,0,0,1,0,0,1,LOW
1970-01-01 00:08:15,0,0,0,0,0,1,1,LOW
1970-01-01 00:08:21,1,1,0,0,0,0,2,LOW
1970-01-01 00:08:22,0,0,1,0,1,0,2,LOW
1970-01-01 00:08:27,0,0,0,1,0,0,1,LOW
1970-01-01 00:08:30,0,1,0,0,0,0,1,LOW
1970-01-01 00:08:31,1,0,0,0,0,0,1,LOW
1970-01-01 00:08:32,0,0,1,0,0,0,1,LOW
1970-01-01 00:08:35,0,0,0,0,1,0,1,LOW
1970-01-01 00:08:40,0,0,0,1,0,0,1,LOW
1970-01-01 00:08:41,1,1,0,0,0,0,2,LOW
1970-01-01 00:08:43,0,0,1,0,0,0,1,LOW
1970-01-01 00:08:50,1,0,0,1,0,0,2,LOW
1970-01-01 00:08:51,0,1,0,0,0,0,1,LOW
1970-01-01 00:08:52,0,0,1,0,1,0,2,LOW
1970-01-01 00:08:57,0,0,0,0,0,1,1,LOW
1970-01-01 00:09:00,0,1,0,0,0,0,1,LOW
1970-01-01 00:09:01,1,0,1,0,0,0,2,LOW
1970-01-01 00:09:04,0,0,0,0,1,0,1,LOW
1970-01-01 00:09:07,0,0,0,1,0,0,1,LOW
1970-01-01 00:09:10,0,1,0,0,0,0,1,LOW
1970-01-01 00:09:12,1,0,0,0,0,0,1,LOW
1970-01-01 00:09:14,0,0,1,0,0,0,1,LOW
1970-01-01 00:09:15,0,0,0,0,1,1,2,LOW
1970-01-01 00:09:16,0,0,0,1,0,0,1,LOW
1970-01-01 00:09:20,0,1,0,0,0,0,1,LOW
1970-01-01 00:09:21,1,0,0,0,0,0,1,LOW
1970-01-01 00:09:26,0,0,1,0,0,0,1,LOW
1970-01-01 00:09:29,0,1,0,0,0,0,1,LOW
1970-01-01 00:09:31,1,0,0,0,0,0,1,LOW
1970-01-01 00:09:33,0,0,0,0,0,1,1,LOW
1970-01-01 00:09:35,0,0,0,0,1,0,1,LOW
1970-01-01 00:09:36,0,0,1,0,0,0,1,LOW
1970-01-01 00:09:40,1,1,0,0,0,0,2,LOW
1970-01-01 00:09:47,0,0,0,1,1,0,2,LOW
1970-01-01 00:09:48,0,0,1,0,0,0,1,LOW
1970-01-01 00:09:49,1,0,0,0,0,0,1,LOW
1970-01-01 00:09:50,0,1,0,0,0,0,1,LOW
1970-01-01 00:09:52,0,0,0,0,0,1,1,LOW
1970-01-01 00:09:59,0,1,1,0,0,0,2,LOW
1970-01-01 00:10:00,1,0,0,0,0,0,1,LOW
1970-01-01 00:10:06,0,0,0,0,0,1,1,LOW
1970-01-01 00:10:08,0,0,1,0,0,0,1,LOW
1970-01-01 00:10:09,0,1,0,0,0,0,1,LOW
1970-01-01 00:10:10,1,0,0,0,0,0,1,LOW
1970-01-01 00:10:17,0,0,1,0,0,0,1,LOW
1970-01-01 00:10:18,0,1,0,0,0,0,1,LOW
1970-01-01 00:10:20,1,0,0,1,0,0,2,LOW
1970-01-01 00:10:27,0,1,0,0,0,0,1,LOW
1970-01-01 00:10:28,0,0,1,0,0,0,1,LOW
1970-01-01 00:10:30,0,0,0,0,1,0,1,LOW
1970-01-01 00:10:31,1,0,0,0,0,0,1,LOW
1970-01-01 00:10:34,0,0,0,0,0,1,1,LOW
1970-01-01 00:10:37,0,1,0,1,0,0,2,LOW
1970-01-01 00:10:38,0,0,1,0,0,0,1,LOW
1970-01-01 00:10:40,1,0,0,0,0,0,1,LOW
1970-01-01 00:10:44,0,0,0,0,0,1,1,LOW
1970-01-01 00:10:47,0,0,0,1,0,0,1,LOW
1970-01-01 00:10:48,0,1,1,0,1,0,3,MEDIUM
1970-01-01 00:10:50,1,0,0,0,0,0,1,LOW
1970-01-01 00:10:57,0,0,1,0,0,0,1,LOW
1970-01-01 00:10:58,0,1,0,0,0,0,1,LOW
1970-01-01 00:10:59,0,0,0,1,0,0,1,LOW
1970-01-01 00:11:00,1,0,0,0,1,0,2,LOW
1970-01-01 00:11:01,0,0,0,0,0,1,1,LOW
1970-01-01 00:11:07,0,0,1,0,0,0,1,LOW
1970-01-01 00:11:08,0,1,0,0,0,0,1,LOW
1970-01-01 00:11:10,1,0,0,0,0,0,1,LOW
1970-01-01 00:11:14,0,0,0,0,0,1,1,LOW
1970-01-01 00:11:15,0,0,0,0,1,0,1,LOW
1970-01-01 00:11:16,0,0,0,1,0,0,1,LOW
1970-01-01 00:11:17,0,1,0,0,0,0,1,LOW
1970-01-01 00:11:18,0,0,1,0,0,0,1,LOW
1970-01-01 00:11:21,1,0,0,0,0,0,1,LOW
1970-01-01 00:11:26,0,0,0,0,1,0,1,LOW
1970-01-01 00:11:27,0,1,0,0,0,0,1,LOW
1970-01-01 00:11:28,0,0,1,0,0,0,1,LOW
1970-01-01 00:11:31,1,0,0,0,0,1,2,LOW
1970-01-01 00:11:36,0,0,0,0,1,0,1,LOW
1970-01-01 00:11:37,0,1,0,0,0,0,1,LOW
1970-01-01 00:11:38,0,0,1,0,0,0,1,LOW
1970-01-01 00:11:41,1,0,0,0,0,0,1,LOW
1970-01-01 00:11:43,0,0,0,1,0,0,1,LOW
1970-01-01 00:11:47,0,0,1,0,0,0,1,LOW
1970-01-01 00:11:48,0,1,0,0,0,0,1,LOW
1970-01-01 00:11:52,1,0,0,0,0,0,1,LOW
1970-01-01 00:11:54,0,0,0,0,1,0,1,LOW
1970-01-01 00:11:57,0,0,1,0,0,0,1,LOW
1970-01-01 00:11:58,0,1,0,1,0,1,3,MEDIUM
1970-01-01 00:12:01,1,0,0,0,0,0,1,LOW
1970-01-01 00:12:06,0,0,1,0,1,0,2,LOW
1970-01-01 00:12:07,0,0,0,0,0,1,1,LOW
1970-01-01 00:12:08,0,1,0,0,0,0,1,LOW
1970-01-01 00:12:10,1,0,0,0,0,0,1,LOW
1970-01-01 00:12:15,0,0,1,0,0,0,1,LOW
1970-01-01 00:12:18,0,1,0,0,0,1,2,LOW
1970-01-01 00:12:20,1,0,0,1,1,0,3,MEDIUM
1970-01-01 00:12:24,0,0,1,0,0,0,1,LOW
1970-01-01 00:12:27,0,1,0,0,0,0,1,LOW
1970-01-01 00:12:30,1,0,0,0,0,0,1,LOW
1970-01-01 00:12:31,0,0,0,1,0,0,1,LOW
1970-01-01 00:12:32,0,0,0,0,1,0,1,LOW
1970-01-01 00:12:34,0,0,1,0,0,0,1,LOW
1970-01-01 00:12:36,0,0,0,0,0,1,1,LOW
1970-01-01 00:12:37,0,1,0,0,0,0,1,LOW
1970-01-01 00:12:39,1,0,0,0,0,0,1,LOW
1970-01-01 00:12:43,0,0,0,1,0,0,1,LOW
1970-01-01 00:12:45,0,0,1,0,0,0,1,LOW
1970-01-01 00:12:47,0,1,0,0,1,1,3,MEDIUM
1970-01-01 00:12:48,1,0,0,0,0,0,1,LOW
1970-01-01 00:12:53,0,0,0,1,0,0,1,LOW
1970-01-01 00:12:57,0,0,0,0,0,1,1,LOW
1970-01-01 00:12:58,0,1,1,0,0,0,2,LOW
1970-01-01 00:13:00,1,0,0,0,1,0,2,LOW
1970-01-01 00:13:05,0,0,0,1,0,0,1,LOW
1970-01-01 00:13:07,0,1,1,0,0,1,3,MEDIUM
1970-01-01 00:13:12,1,0,0,0,0,0,1,LOW
1970-01-01 00:13:16,0,0,0,0,1,0,1,LOW
1970-01-01 00:13:17,0,1,1,0,0,1,3,MEDIUM
1970-01-01 00:13:21,1,0,0,0,0,0,1,LOW
1970-01-01 00:13:25,0,0,0,1,0,0,1,LOW
1970-01-01 00:13:26,0,0,0,0,1,0,1,LOW
1970-01-01 00:13:27,0,1,0,0,0,0,1,LOW
1970-01-01 00:13:28,0,0,1,0,0,0,1,LOW
1970-01-01 00:13:29,0,0,0,0,0,1,1,LOW
1970-01-01 00:13:30,1,0,0,0,0,0,1,LOW
1970-01-01 00:13:36,0,0,0,1,0,0,1,LOW
1970-01-01 00:13:38,0,1,1,0,0,0,2,LOW
1970-01-01 00:13:40,1,0,0,0,0,0,1,LOW
1970-01-01 00:13:44,0,0,0,0,1,0,1,LOW
1970-01-01 00:13:47,0,0,1,1,0,1,3,MEDIUM
1970-01-01 00:13:48,0,1,0,0,0,0,1,LOW
1970-01-01 00:13:50,1,0,0,0,0,0,1,LOW
1970-01-01 00:13:56,0,0,0,0,0,1,1,LOW
1970-01-01 00:13:57,0,0,1,0,0,0,1,LOW
1970-01-01 00:13:58,0,0,0,1,0,0,1,LOW
1970-01-01 00:13:59,0,0,0,0,1,0,1,LOW
1970-01-01 00:14:00,1,0,0,0,0,0,1,LOW
1970-01-01 00:14:01,0,1,0,0,0,0,1,LOW
1970-01-01 00:14:07,0,0,0,0,0,1,1,LOW
1970-01-01 00:14:08,0,0,0,1,0,0,1,LOW
1970-01-01 00:14:09,1,0,1,0,0,0,2,LOW
1970-01-01 00:14:11,0,1,0,0,0,0,1,LOW
1970-01-01 00:14:17,0,0,0,0,0,1,1,LOW
1970-01-01 00:14:19,1,0,1,0,0,0,2,LOW
1970-01-01 00:14:20,0,1,0,0,0,0,1,LOW
1970-01-01 00:14:22,0,0,0,0,1,0,1,LOW
1970-01-01 00:14:25,0,0,0,1,0,0,1,LOW
1970-01-01 00:14:27,0,0,0,0,0,1,1,LOW
1970-01-01 00:14:30,1,1,1,0,0,0,3,MEDIUM
1970-01-01 00:14:37,0,0,0,0,1,0,1,LOW
1970-01-01 00:14:39,0,1,0,0,0,0,1,LOW
1970-01-01 00:14:40,1,0,0,0,0,0,1,LOW
1970-01-01 00:14:41,0,0,1,1,0,0,2,LOW
1970-01-01 00:14:49,0,1,0,0,0,0,1,LOW
1970-01-01 00:14:50,1,0,1,0,0,0,2,LOW
1970-01-01 00:14:51,0,0,0,1,0,0,1,LOW
1970-01-01 00:14:54,0,0,0,0,1,0,1,LOW
1970-01-01 00:14:55,0,0,0,0,0,1,1,LOW
1970-01-01 00:14:59,0,0,1,0,0,0,1,LOW
1970-01-01 00:15:00,1,1,0,0,1,0,3,MEDIUM
1970-01-01 00:15:01,0,0,0,1,0,1,2,LOW
1970-01-01 00:15:04,0,1,0,0,0,0,1,LOW
1970-01-01 00:15:05,0,0,1,0,0,0,1,LOW
1970-01-01 00:15:08,1,0,0,0,0,0,1,LOW
1970-01-01 00:15:11,0,0,0,0,0,1,1,LOW
1970-01-01 00:15:12,0,0,0,1,1,0,2,LOW
1970-01-01 00:15:18,0,0,1,0,0,0,1,LOW
1970-01-01 00:15:19,0,1,0,0,0,0,1,LOW
1970-01-01 00:15:21,0,0,0,1,1,0,2,LOW
1970-01-01 00:15:22,1,0,0,0,0,1,2,LOW
1970-01-01 00:15:31,0,1,1,1,1,1,5,HEAVY
1970-01-01 00:15:38,1,0,0,0,0,0,1,LOW
1970-01-01 00:15:40,0,0,0,0,1,0,1,LOW
1970-01-01 00:15:41,0,0,1,1,0,1,3,MEDIUM
1970-01-01 00:15:44,0,1,0,0,0,0,1,LOW
1970-01-01 00:15:47,1,0,0,0,0,0,1,LOW
1970-01-01 00:15:50,0,0,0,1,1,1,3,MEDIUM
1970-01-01 00:15:57,0,0,1,0,0,0,1,LOW
1970-01-01 00:16:00,0,1,0,0,0,0,1,LOW
1970-01-01 00:16:01,0,0,0,1,0,0,1,LOW
1970-01-01 00:16:02,1,0,0,0,1,1,3,MEDIUM
1970-01-01 00:16:10,0,0,0,1,0,0,1,LOW
1970-01-01 00:16:11,0,0,0,0,0,1,1,LOW
1970-01-01 00:16:12,1,0,0,0,1,0,2,LOW
1970-01-01 00:16:13,0,0,1,0,0,0,1,LOW
1970-01-01 00:16:20,0,1,0,1,0,1,3,MEDIUM
1970-01-01 00:16:24,0,0,0,0,1,0,1,LOW
1970-01-01 00:16:25,1,0,0,0,0,0,1,LOW
1970-01-01 00:16:28,0,0,1,0,0,0,1,LOW
1970-01-01 00:16:29,0,0,0,0,0,1,1,LOW
1970-01-01 00:16:30,0,0,0,1,0,0,1,LOW
1970-01-01 00:16:33,0,0,0,0,1,0,1,LOW
1970-01-01 00:16:37,0,0,1,0,0,0,1,LOW
1970-01-01 00:16:39,1,0,0,0,0,0,1,LOW
1970-01-01 00:16:40,0,1,0,1,0,1,3,MEDIUM
1970-01-01 00:16:43,0,0,0,0,1,0,1,LOW
1970-01-01 00:16:47,0,0,1,0,0,0,1,LOW
1970-01-01 00:16:49,0,0,0,1,0,1,2,LOW
1970-01-01 00:16:56,0,0,0,0,1,0,1,LOW
1970-01-01 00:16:57,0,1,0,0,0,0,1,LOW
1970-01-01 00:16:58,0,0,0,1,0,1,2,LOW
1970-01-01 00:17:00,0,0,1,0,0,0,1,LOW
1970-01-01 00:17:06,1,0,0,0,1,0,2,LOW
1970-01-01 00:17:08,0,1,0,0,0,1,2,LOW
1970-01-01 00:17:09,0,0,0,1,0,0,1,LOW
1970-01-01 00:17:10,0,0,1,0,0,0,1,LOW
1970-01-01 00:17:16,0,0,0,0,1,0,1,LOW
1970-01-01 00:17:17,1,0,0,0,0,0,1,LOW
1970-01-01 00:17:18,0,0,0,0,0,1,1,LOW
1970-01-01 00:17:20,0,1,0,1,0,0,2,LOW
1970-01-01 00:17:26,0,0,0,0,1,0,1,LOW
1970-01-01 00:17:27,0,0,0,0,0,1,1,LOW
1970-01-01 00:17:29,0,0,1,0,0,0,1,LOW
1970-01-01 00:17:30,0,1,0,1,0,0,2,LOW
1970-01-01 00:17:33,1,0,0,0,0,0,1,LOW
1970-01-01 00:17:35,0,0,0,0,1,0,1,LOW
1970-01-01 00:17:40,0,1,0,1,0,1,3,MEDIUM
1970-01-01 00:17:45,0,0,0,0,1,0,1,LOW
1970-01-01 00:17:49,0,1,0,0,0,0,1,LOW
1970-01-01 00:17:50,0,0,0,0,0,1,1,LOW
1970-01-01 00:17:52,0,0,1,0,0,0,1,LOW
1970-01-01 00:17:53,0,0,0,1,0,0,1,LOW
1970-01-01 00:17:54,1,0,0,0,0,0,1,LOW
1970-01-01 00:17:56,0,0,0,0,1,0,1,LOW
1970-01-01 00:18:00,0,0,0,0,0,1,1,LOW
1970-01-01 00:18:02,0,0,0,1,0,0,1,LOW
1970-01-01 00:18:06,0,0,0,0,1,0,1,LOW
1970-01-01 00:18:10,0,0,1,0,0,0,1,LOW
1970-01-01 00:18:11,1,0,0,0,0,1,2,LOW
1970-01-01 00:18:15,0,1,0,0,0,0,1,LOW
1970-01-01 00:18:16,0,0,0,1,1,0,2,LOW
1970-01-01 00:18:20,0,0,0,0,0,1,1,LOW
1970-01-01 00:18:26,0,0,0,1,1,0,2,LOW
1970-01-01 00:18:29,0,1,0,0,0,1,2,LOW
1970-01-01 00:18:35,0,0,1,1,0,0,2,LOW
1970-01-01 00:18:36,0,0,0,0,1,0,1,LOW
1970-01-01 00:18:39,0,0,0,0,0,1,1,LOW
1970-01-01 00:18:41,0,1,0,0,0,0,1,LOW
1970-01-01 00:18:43,1,0,0,0,0,0,1,LOW
1970-01-01 00:18:46,0,0,1,1,1,0,3,MEDIUM
1970-01-01 00:18:49,0,0,0,0,0,1,1,LOW
1970-01-01 00:18:56,0,0,0,1,1,0,2,LOW
1970-01-01 00:18:57,1,0,0,0,0,0,1,LOW
1970-01-01 00:18:59,0,0,0,0,0,1,1,LOW
1970-01-01 00:19:00,0,1,0,0,0,0,1,LOW
1970-01-01 00:19:06,0,0,0,1,1,0,2,LOW
1970-01-01 00:19:09,0,0,0,0,0,1,1,LOW
1970-01-01 00:19:11,1,0,0,0,0,0,1,LOW
1970-01-01 00:19:13,0,1,0,0,0,0,1,LOW
1970-01-01 00:19:14,0,0,1,0,0,0,1,LOW
1970-01-01 00:19:15,0,0,0,1,1,0,2,LOW
1970-01-01 00:19:18,0,0,0,0,0,1,1,LOW
1970-01-01 00:19:23,0,1,0,0,0,0,1,LOW
1970-01-01 00:19:24,0,0,0,0,1,0,1,LOW
1970-01-01 00:19:25,0,0,1,1,0,0,2,LOW
1970-01-01 00:19:31,1,0,0,0,0,1,2,LOW
1970-01-01 00:19:33,0,1,0,0,0,0,1,LOW
1970-01-01 00:19:34,0,0,1,1,0,0,2,LOW
1970-01-01 00:19:35,0,0,0,0,1,0,1,LOW
1970-01-01 00:19:42,0,0,0,0,0,1,1,LOW
1970-01-01 00:19:44,0,0,0,0,1,0,1,LOW
1970-01-01 00:19:46,1,1,1,0,0,0,3,MEDIUM
1970-01-01 00:19:47,0,0,0,1,0,0,1,LOW
1970-01-01 00:19:51,0,0,0,0,0,1,1,LOW
1970-01-01 00:19:53,0,0,0,0,1,0,1,LOW
1970-01-01 00:19:56,0,0,0,1,0,0,1,LOW
1970-01-01 00:19:59,1,0,0,0,0,0,1,LOW
1970-01-01 00:20:00,0,0,1,0,0,1,2,LOW
1970-01-01 00:20:03,0,0,0,0,1,0,1,LOW
1970-01-01 00:20:04,0,1,0,0,0,0,1,LOW
1970-01-01 00:20:06,0,0,0,1,0,0,1,LOW
1970-01-01 00:20:08,1,0,0,0,0,0,1,LOW
1970-01-01 00:20:12,0,0,0,0,1,1,2,LOW
1970-01-01 00:20:15,0,0,0,1,0,0,1,LOW
1970-01-01 00:20:16,0,0,1,0,0,0,1,LOW
1970-01-01 00:20:17,0,1,0,0,0,0,1,LOW
1970-01-01 00:20:19,1,0,0,0,0,0,1,LOW
1970-01-01 00:20:22,0,0,0,0,1,1,2,LOW
1970-01-01 00:20:25,0,0,0,1,0,0,1,LOW
1970-01-01 00:20:31,0,0,0,0,0,1,1,LOW
1970-01-01 00:20:32,0,1,0,0,1,0,2,LOW
1970-01-01 00:20:33,1,0,0,0,0,0,1,LOW
1970-01-01 00:20:35,0,0,0,1,0,0,1,LOW
1970-01-01 00:20:42,0,0,0,0,1,1,2,LOW
1970-01-01 00:20:46,0,0,0,1,0,0,1,LOW
1970-01-01 00:20:50,0,0,1,0,0,0,1,LOW
1970-01-01 00:20:51,1,1,0,0,0,0,2,LOW
1970-01-01 00:20:52,0,0,0,0,0,1,1,LOW
1970-01-01 00:20:55,0,0,0,1,0,0,1,LOW
1970-01-01 00:20:56,0,0,0,0,1,0,1,LOW
1970-01-01 00:21:00,1,0,1,0,0,0,2,LOW
1970-01-01 00:21:01,0,0,0,0,0,1,1,LOW
1970-01-01 00:21:04,0,1,0,0,0,0,1,LOW
1970-01-01 00:21:06,0,0,0,1,1,0,2,LOW
1970-01-01 00:21:11,0,0,1,0,0,1,2,LOW
1970-01-01 00:21:16,0,0,0,1,0,0,1,LOW
1970-01-01 00:21:17,1,0,0,0,0,0,1,LOW
1970-01-01 00:21:19,0,1,0,0,1,0,2,LOW
1970-01-01 00:21:21,0,0,1,0,0,1,2,LOW
1970-01-01 00:21:26,0,0,0,1,0,0,1,LOW
1970-01-01 00:21:28,0,0,0,0,1,0,1,LOW
1970-01-01 00:21:30,0,0,0,0,0,1,1,LOW
1970-01-01 00:21:34,0,0,1,0,0,0,1,LOW
1970-01-01 00:21:35,1,0,0,1,0,0,2,LOW
1970-01-01 00:21:38,0,0,0,0,1,0,1,LOW
1970-01-01 00:21:39,0,1,0,0,0,0,1,LOW
1970-01-01 00:21:40,0,0,0,0,0,1,1,LOW
1970-01-01 00:21:45,0,0,0,1,0,0,1,LOW
1970-01-01 00:21:47,0,0,0,0,1,0,1,LOW
1970-01-01 00:21:49,0,1,0,0,0,0,1,LOW
1970-01-01 00:21:50,0,0,0,0,0,1,1,LOW
1970-01-01 00:21:52,1,0,0,0,0,0,1,LOW
1970-01-01 00:21:54,0,0,0,1,0,0,1,LOW
1970-01-01 00:21:56,0,0,0,0,1,0,1,LOW
1970-01-01 00:22:01,0,0,0,0,0,1,1,LOW
1970-01-01 00:22:03,0,0,1,0,0,0,1,LOW
1970-01-01 00:22:04,1,0,0,0,0,0,1,LOW
1970-01-01 00:22:05,0,0,0,0,1,0,1,LOW
1970-01-01 00:22:06,0,0,0,1,0,0,1,LOW
1970-01-01 00:22:10,0,1,0,0,0,0,1,LOW
1970-01-01 00:22:11,0,0,0,0,0,1,1,LOW
1970-01-01 00:22:12,0,0,1,0,0,0,1,LOW
1970-01-01 00:22:14,0,0,0,0,1,0,1,LOW
1970-01-01 00:22:15,0,0,0,1,0,0,1,LOW
1970-01-01 00:22:16,1,0,0,0,0,0,1,LOW
1970-01-01 00:22:20,0,0,0,0,0,1,1,LOW
1970-01-01 00:22:21,0,1,0,0,0,0,1,LOW
1970-01-01 00:22:23,0,0,0,0,1,0,1,LOW
1970-01-01 00:22:27,0,0,1,1,0,0,2,LOW
1970-01-01 00:22:30,0,1,0,0,0,1,2,LOW
1970-01-01 00:22:33,1,0,0,0,0,0,1,LOW
1970-01-01 00:22:34,0,0,0,0,1,0,1,LOW
1970-01-01 00:22:37,0,0,0,1,0,0,1,LOW
1970-01-01 00:22:38,0,0,1,0,0,0,1,LOW
1970-01-01 00:22:40,0,1,0,0,0,1,2,LOW
1970-01-01 00:22:43,0,0,0,0,1,0,1,LOW
1970-01-01 00:22:44,1,0,0,0,0,0,1,LOW
1970-01-01 00:22:48,0,0,0,1,0,0,1,LOW
1970-01-01 00:22:50,0,0,0,0,0,1,1,LOW
1970-01-01 00:22:52,0,0,0,0,1,0,1,LOW
1970-01-01 00:22:55,1,0,0,0,0,0,1,LOW
1970-01-01 00:22:56,0,1,0,0,0,0,1,LOW
1970-01-01 00:22:59,0,0,0,1,0,0,1,LOW
1970-01-01 00:23:00,0,0,1,0,0,1,2,LOW
1970-01-01 00:23:02,0,0,0,0,1,0,1,LOW
1970-01-01 00:23:04,1,0,0,0,0,0,1,LOW
1970-01-01 00:23:08,0,0,0,1,0,0,1,LOW
1970-01-01 00:23:11,0,0,0,0,1,1,2,LOW
1970-01-01 00:23:18,1,0,0,1,0,0,2,LOW
1970-01-01 00:23:21,0,0,0,0,1,0,1,LOW
1970-01-01 00:23:22,0,1,0,0,0,1,2,LOW
1970-01-01 00:23:25,0,0,1,0,0,0,1,LOW
1970-01-01 00:23:27,0,0,0,1,0,0,1,LOW
1970-01-01 00:23:32,0,0,0,0,1,0,1,LOW
1970-01-01 00:23:33,0,0,0,0,0,1,1,LOW
1970-01-01 00:23:34,1,0,0,0,0,0,1,LOW
1970-01-01 00:23:36,0,0,0,1,0,0,1,LOW
1970-01-01 00:23:37,0,1,0,0,0,0,1,LOW
1970-01-01 00:23:38,0,0,1,0,0,0,1,LOW
1970-01-01 00:23:42,0,0,0,0,1,0,1,LOW
1970-01-01 00:23:45,0,0,0,0,0,1,1,LOW
1970-01-01 00:23:47,1,0,0,1,0,0,2,LOW
1970-01-01 00:23:48,0,0,1,0,0,0,1,LOW
1970-01-01 00:23:50,0,1,0,0,0,0,1,LOW
1970-01-01 00:23:51,0,0,0,0,1,0,1,LOW
1970-01-01 00:23:54,0,0,0,0,0,1,1,LOW
1970-01-01 00:23:57,0,0,0,1,0,0,1,LOW
1970-01-01 00:23:58,1,0,0,0,0,0,1,LOW
1970-01-01 00:24:00,0,1,0,0,1,0,2,LOW
1970-01-01 00:24:04,0,0,0,0,0,1,1,LOW
1970-01-01 00:24:06,0,0,0,1,0,0,1,LOW
1970-01-01 00:24:07,1,0,0,0,0,0,1,LOW
1970-01-01 00:24:10,0,0,1,0,1,0,2,LOW
1970-01-01 00:24:14,0,0,0,0,0,1,1,LOW
1970-01-01 00:24:16,0,0,0,1,0,0,1,LOW
1970-01-01 00:24:17,0,1,0,0,0,0,1,LOW
1970-01-01 00:24:21,0,0,0,0,1,0,1,LOW
1970-01-01 00:24:23,1,0,0,0,0,0,1,LOW
1970-01-01 00:24:25,0,0,0,1,0,1,2,LOW
1970-01-01 00:24:28,0,0,1,0,0,0,1,LOW
1970-01-01 00:24:32,0,1,0,0,0,0,1,LOW
1970-01-01 00:24:34,0,0,0,0,1,0,1,LOW
1970-01-01 00:24:36,0,0,0,0,0,1,1,LOW
1970-01-01 00:24:37,0,0,0,1,0,0,1,LOW
1970-01-01 00:24:38,1,0,0,0,0,0,1,LOW
1970-01-01 00:24:40,0,0,1,0,0,0,1,LOW
1970-01-01 00:24:42,0,1,0,0,0,0,1,LOW
1970-01-01 00:24:43,0,0,0,0,1,0,1,LOW
1970-01-01 00:24:48,0,0,0,0,0,1,1,LOW
1970-01-01 00:24:49,0,0,0,1,0,0,1,LOW
1970-01-01 00:24:50,0,0,1,0,0,0,1,LOW
1970-01-01 00:24:53,1,0,0,0,0,0,1,LOW
1970-01-01 00:24:54,0,0,0,0,1,0,1,LOW
1970-01-01 00:24:57,0,1,0,0,0,1,2,LOW
1970-01-01 00:24:59,0,0,1,0,0,0,1,LOW
1970-01-01 00:25:00,0,0,0,1,0,0,1,LOW
1970-01-01 00:25:03,0,0,0,0,1,0,1,LOW
1970-01-01 00:25:06,0,0,0,0,0,1,1,LOW
1970-01-01 00:25:07,0,1,0,0,0,0,1,LOW
1970-01-01 00:25:09,0,0,1,0,0,0,1,LOW
1970-01-01 00:25:11,0,0,0,1,0,0,1,LOW
1970-01-01 00:25:13,0,0,0,0,1,0,1,LOW
1970-01-01 00:25:16,0,0,0,0,0,1,1,LOW
1970-01-01 00:25:17,1,0,0,0,0,0,1,LOW
1970-01-01 00:25:19,0,0,1,0,0,0,1,LOW
1970-01-01 00:25:20,0,0,0,1,0,0,1,LOW
1970-01-01 00:25:23,0,1,0,0,0,0,1,LOW
1970-01-01 00:25:24,0,0,0,0,1,0,1,LOW
1970-01-01 00:25:26,0,0,0,0,0,1,1,LOW
1970-01-01 00:25:29,1,0,0,0,0,0,1,LOW
1970-01-01 00:25:30,0,0,0,1,0,0,1,LOW
1970-01-01 00:25:33,0,0,0,0,1,0,1,LOW
1970-01-01 00:25:35,0,1,1,0,0,0,2,LOW
1970-01-01 00:25:37,0,0,0,0,0,1,1,LOW
1970-01-01 00:25:39,1,0,0,0,0,0,1,LOW
1970-01-01 00:25:40,0,0,0,1,0,0,1,LOW
1970-01-01 00:25:42,0,0,0,0,1,0,1,LOW
1970-01-01 00:25:45,0,1,0,0,0,0,1,LOW
1970-01-01 00:25:46,0,0,0,0,0,1,1,LOW
1970-01-01 00:25:50,0,0,0,1,0,0,1,LOW
1970-01-01 00:25:52,0,0,1,0,0,0,1,LOW
1970-01-01 00:25:53,1,0,0,0,1,0,2,LOW
1970-01-01 00:25:57,0,0,0,0,0,1,1,LOW
1970-01-01 00:26:00,0,0,0,1,0,0,1,LOW
1970-01-01 00:26:03,1,0,0,0,1,0,2,LOW
1970-01-01 00:26:06,0,1,0,0,0,0,1,LOW
1970-01-01 00:26:07,0,0,0,0,0,1,1,LOW
1970-01-01 00:26:09,0,0,0,1,0,0,1,LOW
1970-01-01 00:26:13,0,0,0,0,1,0,1,LOW
1970-01-01 00:26:14,0,0,1,0,0,0,1,LOW
1970-01-01 00:26:17,1,0,0,0,0,0,1,LOW
1970-01-01 00:26:19,0,0,0,0,0,1,1,LOW
1970-01-01 00:26:20,0,0,0,1,0,0,1,LOW
1970-01-01 00:26:22,0,0,0,0,1,0,1,LOW
1970-01-01 00:26:24,0,0,1,0,0,0,1,LOW
1970-01-01 00:26:29,0,0,0,1,0,0,1,LOW
1970-01-01 00:26:32,0,0,0,0,1,0,1,LOW
1970-01-01 00:26:34,0,0,0,0,0,1,1,LOW
1970-01-01 00:26:35,0,1,0,0,0,0,1,LOW
1970-01-01 00:26:38,0,0,1,0,0,0,1,LOW
1970-01-01 00:26:39,0,0,0,1,0,0,1,LOW
1970-01-01 00:26:40,1,0,0,0,0,0,1,LOW
1970-01-01 00:26:42,0,0,0,0,1,0,1,LOW
1970-01-01 00:26:43,0,0,0,0,0,1,1,LOW
1970-01-01 00:26:51,0,1,0,0,0,0,1,LOW
1970-01-01 00:26:52,0,0,0,1,0,0,1,LOW
1970-01-01 00:26:53,1,0,1,0,1,0,3,MEDIUM
1970-01-01 00:26:54,0,0,0,0,0,1,1,LOW
1970-01-01 00:27:02,0,0,0,1,1,0,2,LOW
1970-01-01 00:27:04,0,0,1,0,0,0,1,LOW
1970-01-01 00:27:05,0,0,0,0,0,1,1,LOW
1970-01-01 00:27:11,0,1,0,1,0,0,2,LOW
1970-01-01 00:27:13,0,0,0,0,1,0,1,LOW
1970-01-01 00:27:14,0,0,0,0,0,1,1,LOW
1970-01-01 00:27:20,0,0,1,0,0,0,1,LOW
1970-01-01 00:27:21,0,0,0,1,0,0,1,LOW
1970-01-01 00:27:24,0,0,0,0,1,0,1,LOW
1970-01-01 00:27:26,1,0,0,0,0,1,2,LOW
1970-01-01 00:27:30,0,0,0,1,0,0,1,LOW
1970-01-01 00:27:31,0,0,1,0,0,0,1,LOW
1970-01-01 00:27:33,0,0,0,0,1,0,1,LOW
1970-01-01 00:27:34,0,1,0,0,0,0,1,LOW
1970-01-01 00:27:36,1,0,0,0,0,1,2,LOW
1970-01-01 00:27:42,0,0,0,1,1,0,2,LOW
1970-01-01 00:27:45,0,0,0,0,0,1,1,LOW
1970-01-01 00:27:49,1,1,0,0,0,0,2,LOW
1970-01-01 00:27:52,0,0,0,1,1,0,2,LOW
1970-01-01 00:27:54,0,0,0,0,0,1,1,LOW
1970-01-01 00:27:58,0,1,0,0,0,0,1,LOW
1970-01-01 00:28:01,0,0,1,1,0,0,2,LOW
1970-01-01 00:28:03,0,0,0,0,1,1,2,LOW
1970-01-01 00:28:12,0,0,0,1,0,1,2,LOW
1970-01-01 00:28:14,0,0,1,0,0,0,1,LOW
1970-01-01 00:28:15,1,0,0,0,1,0,2,LOW
1970-01-01 00:28:21,0,0,0,1,0,0,1,LOW
1970-01-01 00:28:22,0,0,0,0,0,1,1,LOW
1970-01-01 00:28:24,0,0,0,0,1,0,1,LOW
1970-01-01 00:28:26,0,0,1,0,0,0,1,LOW
1970-01-01 00:28:28,1,0,0,0,0,0,1,LOW
1970-01-01 00:28:30,0,1,0,0,0,0,1,LOW
1970-01-01 00:28:31,0,0,0,1,0,0,1,LOW
1970-01-01 00:28:33,0,0,0,0,0,1,1,LOW
1970-01-01 00:28:35,0,0,1,0,0,0,1,LOW
1970-01-01 00:28:37,0,0,0,0,1,0,1,LOW
1970-01-01 00:28:38,1,0,0,0,0,0,1,LOW
1970-01-01 00:28:41,0,1,0,1,0,0,2,LOW
1970-01-01 00:28:43,0,0,0,0,0,1,1,LOW
1970-01-01 00:28:48,0,0,0,0,1,0,1,LOW
1970-01-01 00:28:50,0,0,0,1,0,0,1,LOW
1970-01-01 00:28:51,0,1,0,0,0,0,1,LOW
1970-01-01 00:28:52,0,0,0,0,0,1,1,LOW
1970-01-01 00:28:57,0,0,1,0,1,0,2,LOW
1970-01-01 00:29:01,0,0,0,1,0,0,1,LOW
1970-01-01 00:29:02,1,0,0,0,0,1,2,LOW
1970-01-01 00:29:06,0,1,0,0,1,0,2,LOW
1970-01-01 00:29:11,0,0,0,1,0,0,1,LOW
1970-01-01 00:29:12,1,0,0,0,0,0,1,LOW
1970-01-01 00:29:13,0,0,1,0,0,1,2,LOW
1970-01-01 00:29:17,0,1,0,0,0,0,1,LOW
1970-01-01 00:29:19,0,0,0,0,1,0,1,LOW
1970-01-01 00:29:22,0,0,1,1,0,1,3,MEDIUM
1970-01-01 00:29:28,0,1,0,0,0,0,1,LOW
1970-01-01 00:29:29,1,0,0,0,1,0,2,LOW
1970-01-01 00:29:32,0,0,0,1,0,1,2,LOW
1970-01-01 00:29:39,1,0,0,0,0,0,1,LOW
1970-01-01 00:29:40,0,0,0,0,1,0,1,LOW
1970-01-01 00:29:41,0,0,0,0,0,1,1,LOW
1970-01-01 00:29:42,0,0,0,1,0,0,1,LOW
1970-01-01 00:29:45,0,0,1,0,0,0,1,LOW
1970-01-01 00:29:49,0,0,0,0,1,0,1,LOW
1970-01-01 00:29:51,0,0,0,1,0,1,2,LOW
1970-01-01 00:29:53,0,1,0,0,0,0,1,LOW
1970-01-01 00:29:54,1,0,0,0,0,0,1,LOW
1970-01-01 00:29:56,0,0,1,0,0,0,1,LOW
1970-01-01 00:29:59,0,0,0,0,1,0,1,LOW
1970-01-01 00:30:00,0,0,0,1,0,1,2,LOW
1970-01-01 00:30:07,0,0,0,1,0,0,1,LOW
1970-01-01 00:30:08,0,0,1,0,0,0,1,LOW
1970-01-01 00:30:12,0,0,0,0,0,1,1,LOW
1970-01-01 00:30:22,0,0,0,0,0,1,1,LOW
1970-01-01 00:30:34,0,0,0,0,1,0,1,LOW
1970-01-01 00:30:36,1,0,0,0,0,0,1,LOW
1970-01-01 00:30:39,0,0,1,0,0,0,1,LOW
1970-01-01 00:30:44,0,0,0,0,1,0,1,LOW
1970-01-01 00:31:00,1,0,0,0,0,0,1,LOW
1970-01-01 00:31:01,0,1,0,0,0,0,1,LOW
1970-01-01 00:31:10,1,0,0,0,0,0,1,LOW
1970-01-01 00:31:11,0,0,0,0,0,1,1,LOW
1970-01-01 00:31:26,0,0,0,1,1,0,2,LOW
1970-01-01 00:31:29,0,0,1,0,0,0,1,LOW
1970-01-01 00:31:40,0,0,0,0,0,1,1,LOW
1970-01-01 00:31:42,0,0,1,0,0,0,1,LOW
1970-01-01 00:31:58,0,1,0,0,1,0,2,LOW
1970-01-01 00:32:00,1,0,0,0,0,0,1,LOW
1970-01-01 00:32:07,0,0,0,0,1,0,1,LOW
1970-01-01 00:32:10,1,0,0,0,0,1,2,LOW
1970-01-01 00:32:11,0,0,1,0,0,0,1,LOW
1970-01-01 00:32:13,0,0,0,1,0,0,1,LOW
1970-01-01 00:32:20,0,0,0,0,0,1,1,LOW
1970-01-01 00:32:27,0,1,0,0,0,0,1,LOW
1970-01-01 00:32:30,0,0,1,0,0,0,1,LOW
1970-01-01 00:32:44,1,0,0,0,0,0,1,LOW
1970-01-01 00:32:46,0,0,1,0,0,0,1,LOW
1970-01-01 00:32:47,0,1,0,0,0,0,1,LOW
1970-01-01 00:32:57,0,0,1,0,0,0,1,LOW
1970-01-01 00:33:02,0,1,0,0,0,0,1,LOW
1970-01-01 00:33:05,0,0,0,1,0,0,1,LOW
1970-01-01 00:33:09,0,0,1,0,0,0,1,LOW
1970-01-01 00:33:22,1,0,0,0,0,0,1,LOW
1970-01-01 00:33:27,0,0,0,0,0,1,1,LOW
1970-01-01 00:33:40,0,0,0,1,0,0,1,LOW
1970-01-01 00:33:50,0,1,0,0,0,0,1,LOW
1970-01-01 00:33:54,1,0,1,0,0,0,2,LOW
1970-01-01 00:33:58,0,0,0,1,0,0,1,LOW
1970-01-01 00:34:04,1,0,0,0,0,0,1,LOW
1970-01-01 00:34:06,0,1,0,0,0,0,1,LOW
1970-01-01 00:34:09,0,0,0,1,0,0,1,LOW
1970-01-01 00:34:18,1,0,0,0,0,0,1,LOW
1970-01-01 00:34:20,0,0,0,0,0,1,1,LOW
1970-01-01 00:34:26,0,1,0,0,0,0,1,LOW
1970-01-01 00:34:34,0,0,0,0,1,1,2,LOW
1970-01-01 00:34:36,0,0,0,1,0,0,1,LOW
1970-01-01 00:34:47,0,0,0,0,0,1,1,LOW
1970-01-01 00:34:48,0,0,1,0,0,0,1,LOW
1970-01-01 00:34:57,1,0,0,0,0,0,1,LOW
1970-01-01 00:34:59,0,0,0,0,0,1,1,LOW
1970-01-01 00:35:03,0,0,1,0,0,0,1,LOW
1970-01-01 00:35:08,0,0,0,1,0,0,1,LOW
1970-01-01 00:35:21,0,0,0,0,1,0,1,LOW
1970-01-01 00:35:27,0,0,0,1,0,1,2,LOW
1970-01-01 00:35:34,1,0,0,0,0,0,1,LOW
1970-01-01 00:35:35,0,0,1,0,0,0,1,LOW
1970-01-01 00:35:39,0,0,0,1,0,0,1,LOW
1970-01-01 00:35:47,0,0,0,0,0,1,1,LOW
1970-01-01 00:35:51,0,1,0,0,0,0,1,LOW
1970-01-01 00:35:57,0,0,0,0,1,0,1,LOW
1970-01-01 00:35:59,0,0,0,0,0,1,1,LOW
1970-01-01 00:36:02,0,0,1,0,0,0,1,LOW
1970-01-01 00:36:08,0,0,0,1,0,0,1,LOW
1970-01-01 00:36:15,0,1,0,0,0,0,1,LOW
1970-01-01 00:36:23,0,0,0,1,0,0,1,LOW
1970-01-01 00:36:26,0,1,0,0,0,0,1,LOW
1970-01-01 00:36:27,0,0,0,0,1,0,1,LOW
1970-01-01 00:36:35,0,1,0,0,0,0,1,LOW
1970-01-01 00:36:39,0,0,0,0,1,0,1,LOW
1970-01-01 00:36:49,0,0,0,1,0,0,1,LOW
1970-01-01 00:36:52,0,0,1,0,0,0,1,LOW
1970-01-01 00:36:57,0,1,0,0,0,0,1,LOW
1970-01-01 00:37:05,0,0,0,1,0,0,1,LOW
1970-01-01 00:37:06,0,0,0,0,0,1,1,LOW
1970-01-01 00:37:08,1,0,0,0,0,0,1,LOW
1970-01-01 00:37:12,0,1,0,0,0,0,1,LOW
1970-01-01 00:37:15,0,0,0,0,1,0,1,LOW
1970-01-01 00:37:33,0,0,0,0,1,0,1,LOW
1970-01-01 00:37:36,0,0,1,0,0,0,1,LOW
1970-01-01 00:37:41,1,0,0,0,0,0,1,LOW
1970-01-01 00:37:56,0,0,1,0,0,0,1,LOW
1970-01-01 00:37:58,0,0,0,0,0,1,1,LOW
1970-01-01 00:38:06,0,0,0,0,1,0,1,LOW
1970-01-01 00:38:09,0,0,0,0,0,1,1,LOW
1970-01-01 00:38:11,0,1,0,0,0,0,1,LOW
1970-01-01 00:38:15,0,0,0,1,0,0,1,LOW
1970-01-01 00:38:18,0,0,0,0,1,0,1,LOW
1970-01-01 00:38:29,0,0,0,1,0,0,1,LOW
1970-01-01 00:38:35,0,0,0,0,1,0,1,LOW
1970-01-01 00:38:46,0,0,0,0,1,1,2,LOW
1970-01-01 00:38:49,0,0,0,1,0,0,1,LOW
1970-01-01 00:38:54,1,0,0,0,0,0,1,LOW
1970-01-01 00:38:56,0,0,0,0,0,1,1,LOW
1970-01-01 00:39:02,0,0,0,0,1,0,1,LOW
1970-01-01 00:39:05,0,0,1,0,0,0,1,LOW
1970-01-01 00:39:08,0,0,0,1,0,0,1,LOW
1970-01-01 00:39:10,0,1,0,0,0,0,1,LOW
1970-01-01 00:39:18,0,0,1,0,0,0,1,LOW
1970-01-01 00:39:25,0,0,0,0,0,1,1,LOW
1970-01-01 00:39:32,0,0,0,1,0,0,1,LOW
1970-01-01 00:39:33,1,0,0,0,0,0,1,LOW
1970-01-01 00:39:37,0,0,1,0,0,0,1,LOW
1970-01-01 00:39:39,0,1,0,0,0,0,1,LOW
1970-01-01 00:39:48,0,1,0,0,0,0,1,LOW
1970-01-01 00:39:59,1,0,0,0,1,0,2,LOW
1970-01-01 00:40:00,0,1,0,0,0,0,1,LOW
1970-01-01 00:40:16,1,0,0,0,0,0,1,LOW
1970-01-01 00:40:17,0,1,0,0,1,0,2,LOW
1970-01-01 00:40:26,0,0,1,0,0,0,1,LOW
1970-01-01 00:40:28,0,0,0,1,0,0,1,LOW
1970-01-01 00:40:30,1,0,0,0,0,0,1,LOW
1970-01-01 00:40:34,0,0,0,0,1,0,1,LOW
1970-01-01 00:40:35,0,0,0,0,0,1,1,LOW
1970-01-01 00:40:41,0,1,0,0,0,0,1,LOW
1970-01-01 00:40:51,0,1,0,0,0,0,1,LOW
1970-01-01 00:40:53,0,0,0,1,0,0,1,LOW
1970-01-01 00:40:54,1,0,0,0,0,0,1,LOW
1970-01-01 00:40:57,0,0,1,0,0,0,1,LOW
1970-01-01 00:41:07,0,0,0,0,0,1,1,LOW
1970-01-01 00:41:18,1,0,0,0,1,0,2,LOW
1970-01-01 00:41:19,0,0,0,1,0,0,1,LOW
1970-01-01 00:41:36,1,0,0,0,0,0,1,LOW
1970-01-01 00:41:38,0,0,0,0,0,1,1,LOW
1970-01-01 00:41:40,0,0,0,1,0,0,1,LOW
1970-01-01 00:41:41,0,0,1,0,0,0,1,LOW
1970-01-01 00:41:45,0,0,0,0,1,0,1,LOW
1970-01-01 00:41:49,0,0,0,0,0,1,1,LOW
1970-01-01 00:41:53,0,1,0,0,0,0,1,LOW
1970-01-01 00:41:56,0,0,0,0,1,0,1,LOW
1970-01-01 00:42:01,0,0,1,0,0,0,1,LOW
1970-01-01 00:42:03,0,1,0,0,0,0,1,LOW
1970-01-01 00:42:16,1,0,0,0,0,0,1,LOW
1970-01-01 00:42:22,0,0,0,1,0,0,1,LOW
1970-01-01 00:42:24,0,0,0,0,1,0,1,LOW
1970-01-01 00:42:34,0,0,1,0,0,0,1,LOW
1970-01-01 00:42:36,0,0,0,1,1,0,2,LOW
1970-01-01 00:42:37,1,0,0,0,0,1,2,LOW
1970-01-01 00:42:41,0,1,0,0,0,0,1,LOW
1970-01-01 00:42:47,1,0,0,1,0,0,2,LOW
1970-01-01 00:42:50,0,1,0,0,1,0,2,LOW
1970-01-01 00:42:57,0,0,1,0,0,0,1,LOW
1970-01-01 00:43:04,0,1,0,0,0,0,1,LOW
1970-01-01 00:43:05,1,0,0,0,0,0,1,LOW
1970-01-01 00:43:08,0,0,0,0,0,1,1,LOW
1970-01-01 00:43:20,1,0,0,0,0,0,1,LOW
1970-01-01 00:43:21,0,0,0,1,0,0,1,LOW
1970-01-01 00:43:26,0,0,0,0,1,1,2,LOW
1970-01-01 00:43:27,0,0,1,0,0,0,1,LOW
1970-01-01 00:43:32,0,1,0,0,0,0,1,LOW
1970-01-01 00:43:39,0,0,0,0,1,0,1,LOW
1970-01-01 00:43:44,0,0,0,1,0,0,1,LOW
1970-01-01 00:43:56,0,0,0,0,0,1,1,LOW
1970-01-01 00:43:57,0,0,0,0,1,0,1,LOW
1970-01-01 00:44:01,0,0,1,0,0,0,1,LOW
1970-01-01 00:44:10,0,0,0,0,0,1,1,LOW
1970-01-01 00:44:14,0,0,1,0,0,0,1,LOW
1970-01-01 00:44:25,0,0,0,1,0,0,1,LOW
1970-01-01 00:44:27,0,1,0,0,0,0,1,LOW
1970-01-01 00:44:28,1,0,0,0,0,0,1,LOW
1970-01-01 00:44:30,0,0,0,0,1,0,1,LOW
1970-01-01 00:44:39,1,0,0,0,0,0,1,LOW
1970-01-01 00:44:50,0,0,0,0,0,1,1,LOW
1970-01-01 00:44:56,0,0,1,0,0,0,1,LOW
1970-01-01 00:44:57,1,1,0,0,0,0,2,LOW
